{
	"info": {
		"_postman_id": "f9b82e65-3972-4b1e-b855-a2393690785c",
		"name": "project-api-collection",
		"schema": "https://schema.getpostman.com/json/collection/v2.1.0/collection.json",
		"_exporter_id": "21303699"
	},
	"item": [
		{
			"name": "Login",
			"request": {
				"method": "POST",
				"header": [],
				"url": {
					"raw": "localhost:3000/api/login?username=&password=",
					"host": [
						"localhost"
					],
					"port": "3000",
					"path": [
						"api",
						"login"
					],
					"query": [
						{
							"key": "username",
							"value": ""
						},
						{
							"key": "password",
							"value": ""
						}
					]
				},
				"description": "login"
			},
			"response": [
				{
					"name": "Login example",
					"originalRequest": {
						"method": "POST",
						"header": [],
						"url": {
							"raw": "localhost:3000/api/login?username=user3&password=aaaa1111",
							"host": [
								"localhost"
							],
							"port": "3000",
							"path": [
								"api",
								"login"
							],
							"query": [
								{
									"key": "username",
									"value": "user3"
								},
								{
									"key": "password",
									"value": "aaaa1111"
								}
							]
						}
					},
					"status": "Unauthorized",
					"code": 401,
					"_postman_previewlanguage": "plain",
					"header": [
						{
							"key": "X-Powered-By",
							"value": "Express"
						},
						{
							"key": "Set-Cookie",
							"value": "toastMessage=; Path=/; Expires=Thu, 01 Jan 1970 00:00:00 GMT"
						},
						{
							"key": "Content-Type",
							"value": "text/plain; charset=utf-8"
						},
						{
							"key": "Content-Length",
							"value": "12"
						},
						{
							"key": "ETag",
							"value": "W/\"c-dAuDFQrdjS3hezqxDTNgW7AOlYk\""
						},
						{
							"key": "Date",
							"value": "Sat, 04 Jun 2022 09:17:25 GMT"
						},
						{
							"key": "Connection",
							"value": "keep-alive"
						},
						{
							"key": "Keep-Alive",
							"value": "timeout=5"
						}
					],
					"cookie": [],
					"body": "Unauthorized"
				}
			]
		},
		{
			"name": "Logout",
			"request": {
				"method": "GET",
				"header": [],
				"url": {
					"raw": "localhost:3000/api/logout",
					"host": [
						"localhost"
					],
					"port": "3000",
					"path": [
						"api",
						"logout"
					]
				}
			},
			"response": []
		},
		{
			"name": "Get all users for admin",
			"request": {
				"method": "GET",
				"header": [],
				"url": {
					"raw": "localhost:3000/api/users",
					"host": [
						"localhost"
					],
					"port": "3000",
					"path": [
						"api",
						"users"
					]
				}
			},
			"response": []
		},
		{
			"name": "Delete user by username(ID) for admin",
			"request": {
				"method": "DELETE",
				"header": [],
				"url": {
					"raw": "localhost:3000/api/users/:id",
					"host": [
						"localhost"
					],
					"port": "3000",
					"path": [
						"api",
						"users",
						":id"
					],
					"variable": [
						{
							"key": "id",
							"value": null
						}
					]
				}
			},
			"response": [
				{
					"name": "Delete user by username(ID) for admin",
					"originalRequest": {
						"method": "DELETE",
						"header": [],
						"url": {
							"raw": "localhost:3000/api/users/:id",
							"host": [
								"localhost"
							],
							"port": "3000",
							"path": [
								"api",
								"users",
								":id"
							],
							"variable": [
								{
									"key": "id",
									"value": null
								}
							]
						}
					},
					"_postman_previewlanguage": null,
					"header": [],
					"cookie": [],
					"body": null
				}
			]
		}
	]
}